DateTime,Open,High,Low,Close
2008-01-02 09:30:00,1467.97,1470.14,1467.97,1470.05
2008-01-02 09:35:00,1470.17,1470.17,1467.88,1469.49
2008-01-02 09:40:00,1469.78,1471.71,1469.39,1471.22
2008-01-02 09:45:00,1471.56,1471.77,1470.69,1470.78
2008-01-02 09:50:00,1470.28,1471.06,1470.1,1470.74
2008-01-02 09:55:00,1470.81,1470.81,1468.42,1469.37
2008-01-02 10:00:00,1467.11,1467.11,1461.02,1462.94
2008-01-02 10:05:00,1462.67,1462.91,1459.83,1461.9
2008-01-02 10:10:00,1462.54,1462.54,1459.64,1459.64
2008-01-02 10:15:00,1459.59,1460.17,1457.25,1458.55
2008-01-02 10:20:00,1457.86,1459.87,1457.86,1459.5
2008-01-02 10:25:00,1459.36,1460.08,1459.36,1459.91
2008-01-02 10:30:00,1459.76,1459.76,1457.87,1459.12
2008-01-02 10:35:00,1458.83,1460.1,1458.83,1458.91
2008-01-02 10:40:00,1458.28,1459.51,1457.97,1457.97
2008-01-02 10:45:00,1458.46,1459.66,1458.34,1458.5
2008-01-02 10:50:00,1457.92,1458.88,1457.61,1458.37
2008-01-02 10:55:00,1458.35,1458.62,1456.92,1456.92
2008-01-02 11:00:00,1457.0,1458.26,1456.61,1457.03
2008-01-02 11:05:00,1456.84,1458.05,1456.64,1457.38
2008-01-02 11:10:00,1457.68,1458.26,1454.56,1455.0
2008-01-02 11:15:00,1454.81,1455.29,1453.2,1453.69
2008-01-02 11:20:00,1452.79,1452.85,1451.71,1452.85
2008-01-02 11:25:00,1452.9,1453.68,1452.8,1453.48
2008-01-02 11:30:00,1453.39,1453.39,1451.49,1451.68
2008-01-02 11:35:00,1451.79,1451.85,1450.69,1451.14
2008-01-02 11:40:00,1451.12,1451.12,1449.7,1449.97
2008-01-02 11:45:00,1449.92,1449.92,1448.72,1449.46
2008-01-02 11:50:00,1449.11,1451.43,1449.11,1451.19
2008-01-02 11:55:00,1451.21,1452.49,1450.86,1452.49
2008-01-02 12:00:00,1452.37,1452.37,1451.48,1451.48
2008-01-02 12:05:00,1451.19,1451.26,1448.15,1448.15
2008-01-02 12:10:00,1448.12,1449.04,1448.12,1448.62
2008-01-02 12:15:00,1448.56,1448.56,1446.89,1447.52
2008-01-02 12:20:00,1447.92,1447.92,1445.66,1445.94
2008-01-02 12:25:00,1446.02,1446.88,1445.97,1446.43
2008-01-02 12:30:00,1446.26,1446.91,1445.96,1446.91
2008-01-02 12:35:00,1446.9,1448.87,1446.9,1448.87
2008-01-02 12:40:00,1448.88,1448.88,1448.11,1448.31
2008-01-02 12:45:00,1447.96,1447.96,1447.17,1447.45
2008-01-02 12:50:00,1447.38,1447.38,1446.0,1447.07
2008-01-02 12:55:00,1447.39,1448.74,1447.06,1447.77
2008-01-02 13:00:00,1448.01,1448.92,1447.53,1447.53
2008-01-02 13:05:00,1447.38,1447.92,1445.07,1445.45
2008-01-02 13:10:00,1445.22,1445.65,1443.97,1444.51
2008-01-02 13:15:00,1444.83,1446.2,1444.83,1446.11
2008-01-02 13:20:00,1446.14,1446.85,1445.75,1446.47
2008-01-02 13:25:00,1446.41,1446.43,1444.73,1446.24
2008-01-02 13:30:00,1446.12,1447.64,1445.41,1447.52
2008-01-02 13:35:00,1447.5,1448.52,1447.35,1447.96
2008-01-02 13:40:00,1447.62,1448.38,1447.31,1448.31
2008-01-02 13:45:00,1448.33,1450.05,1448.3,1449.79
2008-01-02 13:50:00,1450.13,1450.37,1449.14,1449.16
2008-01-02 13:55:00,1449.18,1449.6,1448.78,1448.87
2008-01-02 14:00:00,1449.4,1452.48,1449.4,1449.59
2008-01-02 14:05:00,1449.73,1454.57,1448.81,1454.57
2008-01-02 14:10:00,1454.95,1456.84,1454.48,1456.84
2008-01-02 14:15:00,1456.81,1457.56,1455.42,1456.72
2008-01-02 14:20:00,1456.22,1456.22,1453.78,1453.99
2008-01-02 14:25:00,1454.0,1455.22,1453.5,1453.5
2008-01-02 14:30:00,1453.73,1454.86,1453.57,1454.04
2008-01-02 14:35:00,1453.91,1453.91,1449.57,1449.57
2008-01-02 14:40:00,1449.23,1450.09,1447.83,1448.66
2008-01-02 14:45:00,1449.02,1450.08,1448.37,1449.8
2008-01-02 14:50:00,1449.81,1450.83,1449.35,1450.15
2008-01-02 14:55:00,1450.04,1450.04,1446.72,1446.72
2008-01-02 15:00:00,1446.64,1446.64,1444.84,1445.42
2008-01-02 15:05:00,1445.2,1445.44,1442.07,1442.83
2008-01-02 15:10:00,1442.36,1444.79,1442.26,1444.26
2008-01-02 15:15:00,1444.15,1444.66,1443.25,1443.45
2008-01-02 15:20:00,1443.24,1445.16,1442.54,1445.14
2008-01-02 15:25:00,1444.69,1445.82,1444.15,1444.37
2008-01-02 15:30:00,1444.0,1446.21,1444.0,1446.21
2008-01-02 15:35:00,1446.67,1447.53,1446.2,1446.75
2008-01-02 15:40:00,1446.83,1448.76,1446.22,1447.91
2008-01-02 15:45:00,1447.34,1447.41,1445.29,1445.47
2008-01-02 15:50:00,1445.38,1447.06,1444.97,1447.01
2008-01-02 15:55:00,1447.13,1448.02,1447.13,1447.22
2008-01-02 16:00:00,1447.67,1447.67,1447.17,1447.17
2008-01-02 16:05:00,1447.17,1447.17,1447.16,1447.16
2008-01-03 09:30:00,1447.55,1452.13,1447.55,1452.13
2008-01-03 09:35:00,1452.51,1452.55,1451.37,1452.09
2008-01-03 09:40:00,1452.21,1452.21,1449.54,1449.54
2008-01-03 09:45:00,1449.25,1450.17,1448.0,1448.0
2008-01-03 09:50:00,1447.77,1449.65,1447.37,1448.32
2008-01-03 09:55:00,1448.28,1450.34,1447.9,1449.78
2008-01-03 10:00:00,1450.66,1453.61,1450.66,1452.59
2008-01-03 10:05:00,1452.57,1455.74,1452.27,1455.58
2008-01-03 10:10:00,1455.27,1455.27,1453.34,1453.34
2008-01-03 10:15:00,1452.81,1453.03,1451.67,1451.82
2008-01-03 10:20:00,1451.94,1452.44,1450.41,1451.05
2008-01-03 10:25:00,1450.76,1451.9,1450.25,1451.21
2008-01-03 10:30:00,1452.06,1452.94,1450.7,1452.94
2008-01-03 10:35:00,1453.33,1453.98,1450.38,1450.97
2008-01-03 10:40:00,1451.0,1451.58,1449.27,1449.42
2008-01-03 10:45:00,1449.08,1450.85,1449.08,1450.16
2008-01-03 10:50:00,1449.95,1450.19,1448.83,1449.03
2008-01-03 10:55:00,1448.31,1450.12,1448.31,1450.08
2008-01-03 11:00:00,1450.01,1451.71,1450.01,1451.71
2008-01-03 11:05:00,1451.74,1451.99,1450.78,1451.99
2008-01-03 11:10:00,1453.19,1453.68,1451.32,1451.7
2008-01-03 11:15:00,1451.8,1452.95,1451.12,1452.9
2008-01-03 11:20:00,1453.38,1454.11,1452.55,1452.99
2008-01-03 11:25:00,1453.05,1453.52,1452.15,1452.16
2008-01-03 11:30:00,1451.86,1453.07,1451.76,1453.01
2008-01-03 11:35:00,1452.98,1452.98,1451.53,1452.08
2008-01-03 11:40:00,1452.07,1454.11,1452.07,1453.24
2008-01-03 11:45:00,1453.02,1454.01,1453.02,1454.01
2008-01-03 11:50:00,1454.05,1454.93,1453.69,1454.53
2008-01-03 11:55:00,1454.54,1454.8,1453.66,1453.91
2008-01-03 12:00:00,1453.51,1454.57,1453.51,1454.07
2008-01-03 12:05:00,1454.26,1454.96,1453.77,1454.72
2008-01-03 12:10:00,1454.82,1455.68,1454.82,1455.46
2008-01-03 12:15:00,1454.93,1455.51,1454.81,1455.38
2008-01-03 12:20:00,1455.74,1455.8,1454.8,1455.11
2008-01-03 12:25:00,1455.2,1456.0,1454.91,1455.89
2008-01-03 12:30:00,1456.65,1456.8,1455.94,1456.49
2008-01-03 12:35:00,1456.53,1456.57,1454.95,1454.95
2008-01-03 12:40:00,1454.95,1454.95,1452.74,1453.07
2008-01-03 12:45:00,1452.97,1453.61,1452.83,1453.59
2008-01-03 12:50:00,1454.03,1454.03,1452.39,1453.1
2008-01-03 12:55:00,1453.62,1454.29,1452.79,1454.27
2008-01-03 13:00:00,1454.03,1454.03,1452.18,1452.5
2008-01-03 13:05:00,1452.38,1452.41,1451.67,1452.2
2008-01-03 13:10:00,1451.78,1452.74,1451.62,1452.72
2008-01-03 13:15:00,1452.74,1452.74,1451.1,1451.1
2008-01-03 13:20:00,1451.27,1451.72,1450.9,1451.59
2008-01-03 13:25:00,1451.66,1452.0,1451.46,1452.0
2008-01-03 13:30:00,1452.2,1452.54,1451.78,1451.78
2008-01-03 13:35:00,1452.1,1452.18,1451.68,1452.18
2008-01-03 13:40:00,1452.53,1452.82,1452.31,1452.5
2008-01-03 13:45:00,1452.55,1452.84,1452.0,1452.22
2008-01-03 13:50:00,1452.21,1452.45,1451.86,1451.94
2008-01-03 13:55:00,1452.01,1452.04,1449.91,1449.97
2008-01-03 14:00:00,1449.99,1450.45,1449.53,1449.9
2008-01-03 14:05:00,1449.87,1450.3,1449.87,1450.11
2008-01-03 14:10:00,1449.84,1451.11,1448.46,1450.6
2008-01-03 14:15:00,1450.55,1451.55,1450.18,1451.29
2008-01-03 14:20:00,1451.58,1451.58,1451.1,1451.44
2008-01-03 14:25:00,1451.42,1451.99,1451.07,1451.07
2008-01-03 14:30:00,1451.12,1451.37,1450.33,1450.78
2008-01-03 14:35:00,1450.82,1451.64,1450.65,1451.64
2008-01-03 14:40:00,1451.68,1451.72,1450.17,1450.5
2008-01-03 14:45:00,1450.45,1450.58,1450.0,1450.17
2008-01-03 14:50:00,1450.09,1450.98,1450.03,1450.21
2008-01-03 14:55:00,1450.21,1450.21,1449.28,1449.51
2008-01-03 15:00:00,1449.8,1449.98,1448.65,1449.01
2008-01-03 15:05:00,1448.98,1449.87,1448.8,1449.87
2008-01-03 15:10:00,1449.66,1449.77,1448.98,1449.07
2008-01-03 15:15:00,1449.17,1449.17,1446.54,1446.7
2008-01-03 15:20:00,1446.54,1446.73,1445.93,1446.13
2008-01-03 15:25:00,1446.22,1446.22,1443.73,1444.27
2008-01-03 15:30:00,1444.51,1445.17,1443.89,1444.03
2008-01-03 15:35:00,1444.47,1446.37,1444.47,1445.77
2008-01-03 15:40:00,1446.06,1447.04,1446.06,1446.82
2008-01-03 15:45:00,1446.83,1447.94,1446.67,1446.98
2008-01-03 15:50:00,1446.87,1447.3,1446.33,1446.63
2008-01-03 15:55:00,1446.56,1446.96,1446.21,1446.85
2008-01-03 16:00:00,1446.91,1447.17,1446.91,1447.17
2008-01-03 16:05:00,1447.17,1447.17,1447.16,1447.16
2008-01-04 09:30:00,1444.01,1444.01,1433.38,1433.38
2008-01-04 09:35:00,1433.65,1433.65,1429.21,1429.21
2008-01-04 09:40:00,1429.32,1432.63,1429.29,1432.44
2008-01-04 09:45:00,1432.49,1432.49,1429.78,1430.91
2008-01-04 09:50:00,1430.76,1431.87,1430.41,1430.75
2008-01-04 09:55:00,1429.98,1431.41,1429.39,1431.18
2008-01-04 10:00:00,1431.88,1433.37,1428.43,1429.35
2008-01-04 10:05:00,1430.85,1431.78,1430.14,1431.78
2008-01-04 10:10:00,1431.79,1431.79,1429.12,1429.82
2008-01-04 10:15:00,1429.77,1429.93,1427.41,1427.41
2008-01-04 10:20:00,1427.16,1428.92,1427.16,1427.79
2008-01-04 10:25:00,1427.57,1427.57,1425.26,1425.4
2008-01-04 10:30:00,1425.6,1426.04,1424.48,1426.04
2008-01-04 10:35:00,1426.2,1427.14,1424.95,1425.1
2008-01-04 10:40:00,1425.11,1426.93,1425.08,1425.47
2008-01-04 10:45:00,1425.64,1426.01,1422.74,1423.66
2008-01-04 10:50:00,1423.61,1423.83,1422.09,1422.09
2008-01-04 10:55:00,1421.82,1422.59,1420.57,1420.95
2008-01-04 11:00:00,1421.15,1422.21,1421.15,1421.6
2008-01-04 11:05:00,1421.61,1421.66,1419.36,1420.73
2008-01-04 11:10:00,1420.81,1423.48,1420.45,1423.01
2008-01-04 11:15:00,1423.05,1423.05,1420.52,1420.86
2008-01-04 11:20:00,1421.26,1422.94,1421.26,1422.92
2008-01-04 11:25:00,1423.35,1426.02,1423.35,1425.87
2008-01-04 11:30:00,1425.75,1426.36,1425.67,1425.76
2008-01-04 11:35:00,1425.82,1425.82,1423.26,1423.69
2008-01-04 11:40:00,1423.54,1423.76,1422.79,1423.59
2008-01-04 11:45:00,1423.27,1423.74,1423.04,1423.5
2008-01-04 11:50:00,1423.6,1425.47,1423.6,1424.24
2008-01-04 11:55:00,1425.0,1425.42,1424.47,1424.88
2008-01-04 12:00:00,1425.07,1426.85,1425.07,1426.72
2008-01-04 12:05:00,1426.44,1428.7,1426.44,1428.7
2008-01-04 12:10:00,1428.71,1428.88,1428.04,1428.32
2008-01-04 12:15:00,1428.25,1428.39,1427.51,1427.68
2008-01-04 12:20:00,1427.6,1427.6,1424.64,1424.64
2008-01-04 12:25:00,1424.68,1424.87,1423.15,1423.57
2008-01-04 12:30:00,1423.57,1424.22,1421.53,1421.53
2008-01-04 12:35:00,1421.61,1422.89,1421.53,1421.73
2008-01-04 12:40:00,1421.46,1423.35,1421.46,1423.17
2008-01-04 12:45:00,1423.23,1424.92,1422.72,1424.92
2008-01-04 12:50:00,1424.88,1424.93,1423.62,1423.87
2008-01-04 12:55:00,1423.43,1423.84,1423.1,1423.31
2008-01-04 13:00:00,1423.32,1423.32,1422.46,1422.65
2008-01-04 13:05:00,1422.69,1422.7,1421.61,1422.39
2008-01-04 13:10:00,1422.29,1423.42,1421.66,1422.89
2008-01-04 13:15:00,1423.29,1423.89,1422.65,1422.65
2008-01-04 13:20:00,1422.32,1422.67,1420.58,1420.84
2008-01-04 13:25:00,1420.97,1421.73,1420.08,1421.68
2008-01-04 13:30:00,1421.55,1421.96,1421.18,1421.7
2008-01-04 13:35:00,1421.6,1421.6,1417.39,1418.53
2008-01-04 13:40:00,1418.23,1419.56,1417.8,1419.05
2008-01-04 13:45:00,1418.47,1419.43,1418.04,1419.43
2008-01-04 13:50:00,1420.21,1423.46,1420.21,1423.19
2008-01-04 13:55:00,1423.14,1423.5,1422.26,1422.3
2008-01-04 14:00:00,1422.14,1422.14,1419.36,1419.67
2008-01-04 14:05:00,1420.04,1420.33,1418.5,1419.36
2008-01-04 14:10:00,1419.47,1419.98,1417.75,1418.4
2008-01-04 14:15:00,1418.37,1420.04,1417.24,1418.43
2008-01-04 14:20:00,1419.25,1419.25,1415.39,1415.81
2008-01-04 14:25:00,1416.03,1416.99,1415.44,1415.44
2008-01-04 14:30:00,1415.38,1416.33,1414.78,1415.82
2008-01-04 14:35:00,1415.83,1416.16,1414.28,1414.28
2008-01-04 14:40:00,1414.41,1414.41,1413.22,1413.32
2008-01-04 14:45:00,1413.52,1415.43,1413.52,1414.88
2008-01-04 14:50:00,1415.09,1415.25,1413.27,1413.27
2008-01-04 14:55:00,1412.55,1417.31,1412.0,1416.83
2008-01-04 15:00:00,1416.79,1418.29,1416.19,1417.34
2008-01-04 15:05:00,1417.3,1419.3,1416.98,1417.24
2008-01-04 15:10:00,1417.88,1417.88,1415.58,1415.7
2008-01-04 15:15:00,1415.63,1417.65,1414.79,1416.48
2008-01-04 15:20:00,1416.56,1416.71,1413.68,1413.83
2008-01-04 15:25:00,1414.48,1418.97,1414.48,1418.48
2008-01-04 15:30:00,1418.14,1419.72,1417.1,1417.33
2008-01-04 15:35:00,1416.93,1417.48,1415.84,1416.64
2008-01-04 15:40:00,1417.22,1417.22,1414.58,1414.58
2008-01-04 15:45:00,1414.93,1415.33,1412.78,1413.19
2008-01-04 15:50:00,1412.89,1413.88,1411.5,1412.48
2008-01-04 15:55:00,1412.58,1412.63,1411.68,1411.68
2008-01-04 16:00:00,1411.19,1411.64,1411.19,1411.62
2008-01-04 16:05:00,1411.63,1411.63,1411.62,1411.63
2008-01-07 09:30:00,1414.07,1420.14,1414.07,1419.73
2008-01-07 09:35:00,1419.16,1419.16,1415.38,1416.61
2008-01-07 09:40:00,1416.73,1419.09,1416.73,1419.02
2008-01-07 09:45:00,1419.44,1422.21,1419.44,1421.0
2008-01-07 09:50:00,1420.79,1421.72,1419.26,1419.77
2008-01-07 09:55:00,1419.66,1420.99,1418.76,1418.76
2008-01-07 10:00:00,1418.62,1418.62,1416.73,1416.94
2008-01-07 10:05:00,1417.43,1417.82,1416.3,1416.49
2008-01-07 10:10:00,1416.45,1416.62,1414.56,1414.77
2008-01-07 10:15:00,1414.02,1414.09,1410.88,1410.88
2008-01-07 10:20:00,1410.06,1411.38,1408.69,1410.63
2008-01-07 10:25:00,1411.03,1411.16,1406.2,1406.2
2008-01-07 10:30:00,1406.32,1407.5,1403.45,1404.76
2008-01-07 10:35:00,1404.75,1407.3,1403.47,1407.17
2008-01-07 10:40:00,1407.21,1409.9,1407.03,1409.56
2008-01-07 10:45:00,1409.39,1409.39,1407.71,1408.82
2008-01-07 10:50:00,1408.79,1410.66,1408.66,1409.13
2008-01-07 10:55:00,1409.8,1409.8,1407.57,1408.44
2008-01-07 11:00:00,1408.68,1411.97,1408.68,1410.76
2008-01-07 11:05:00,1410.88,1412.9,1410.54,1412.68
2008-01-07 11:10:00,1412.92,1413.55,1412.22,1413.55
2008-01-07 11:15:00,1413.46,1414.57,1413.12,1413.19
2008-01-07 11:20:00,1413.13,1414.12,1412.25,1413.0
2008-01-07 11:25:00,1412.91,1414.44,1411.56,1414.44
2008-01-07 11:30:00,1413.97,1418.53,1413.76,1418.53
2008-01-07 11:35:00,1418.52,1419.34,1417.35,1417.35
2008-01-07 11:40:00,1417.39,1419.61,1417.07,1419.41
2008-01-07 11:45:00,1419.62,1420.45,1418.09,1418.09
2008-01-07 11:50:00,1418.06,1419.1,1417.69,1417.69
2008-01-07 11:55:00,1417.74,1417.9,1417.02,1417.9
2008-01-07 12:00:00,1417.61,1418.63,1416.44,1417.83
2008-01-07 12:05:00,1418.05,1418.05,1415.0,1415.0
2008-01-07 12:10:00,1414.72,1416.23,1414.35,1416.19
2008-01-07 12:15:00,1415.6,1415.6,1412.67,1415.19
2008-01-07 12:20:00,1415.35,1417.37,1414.55,1417.37
2008-01-07 12:25:00,1417.4,1419.49,1417.13,1417.78
2008-01-07 12:30:00,1417.74,1420.33,1417.74,1420.33
2008-01-07 12:35:00,1420.72,1421.18,1419.1,1420.83
2008-01-07 12:40:00,1421.19,1421.56,1418.63,1419.04
2008-01-07 12:45:00,1419.01,1419.62,1418.46,1419.62
2008-01-07 12:50:00,1420.32,1423.87,1420.32,1423.78
2008-01-07 12:55:00,1423.38,1423.63,1421.98,1422.81
2008-01-07 13:00:00,1421.95,1422.3,1421.15,1421.21
2008-01-07 13:05:00,1421.87,1421.87,1420.02,1421.18
2008-01-07 13:10:00,1420.91,1422.31,1419.46,1419.97
2008-01-07 13:15:00,1419.91,1422.17,1419.7,1422.17
2008-01-07 13:20:00,1422.13,1422.3,1420.81,1421.18
2008-01-07 13:25:00,1421.07,1421.32,1419.5,1420.74
2008-01-07 13:30:00,1419.99,1421.0,1418.88,1420.02
2008-01-07 13:35:00,1420.06,1420.33,1418.89,1419.72
2008-01-07 13:40:00,1419.62,1419.62,1415.63,1415.63
2008-01-07 13:45:00,1415.05,1415.56,1414.25,1415.56
2008-01-07 13:50:00,1415.15,1415.81,1413.57,1414.26
2008-01-07 13:55:00,1413.8,1416.41,1413.8,1415.22
2008-01-07 14:00:00,1415.83,1416.47,1411.48,1411.48
2008-01-07 14:05:00,1411.17,1411.94,1409.97,1410.23
2008-01-07 14:10:00,1410.09,1411.22,1409.46,1410.12
2008-01-07 14:15:00,1410.29,1412.74,1410.27,1411.63
2008-01-07 14:20:00,1411.75,1411.84,1410.54,1411.81
2008-01-07 14:25:00,1411.67,1411.69,1408.87,1410.27
2008-01-07 14:30:00,1410.07,1413.05,1410.07,1412.68
2008-01-07 14:35:00,1412.76,1414.37,1411.57,1414.37
2008-01-07 14:40:00,1414.81,1415.87,1413.37,1413.73
2008-01-07 14:45:00,1413.68,1413.68,1410.24,1410.49
2008-01-07 14:50:00,1410.92,1411.69,1407.65,1407.65
2008-01-07 14:55:00,1407.68,1410.43,1406.35,1410.43
2008-01-07 15:00:00,1411.29,1412.46,1410.19,1411.89
2008-01-07 15:05:00,1411.33,1411.94,1409.45,1409.51
2008-01-07 15:10:00,1409.64,1411.26,1407.79,1407.79
2008-01-07 15:15:00,1407.25,1409.72,1407.21,1409.38
2008-01-07 15:20:00,1410.37,1410.57,1409.3,1409.3
2008-01-07 15:25:00,1409.9,1409.92,1408.1,1408.44
2008-01-07 15:30:00,1408.78,1409.21,1407.52,1408.05
2008-01-07 15:35:00,1408.06,1408.34,1405.02,1405.11
2008-01-07 15:40:00,1404.46,1409.22,1404.46,1409.22
2008-01-07 15:45:00,1408.46,1414.85,1408.45,1414.85
2008-01-07 15:50:00,1414.91,1418.55,1413.68,1417.76
2008-01-07 15:55:00,1416.86,1417.02,1415.38,1416.11
2008-01-07 16:00:00,1416.71,1416.71,1416.18,1416.18
2008-01-07 16:05:00,1416.18,1416.18,1416.18,1416.18
2008-01-08 09:30:00,1415.71,1422.37,1415.71,1421.25
2008-01-08 09:35:00,1421.36,1422.57,1420.3,1420.86
2008-01-08 09:40:00,1421.41,1425.65,1421.41,1425.07
2008-01-08 09:45:00,1425.42,1427.47,1425.3,1426.26
2008-01-08 09:50:00,1426.42,1426.42,1425.07,1425.61
2008-01-08 09:55:00,1425.79,1425.79,1423.84,1423.84
2008-01-08 10:00:00,1424.51,1427.5,1423.99,1427.4
2008-01-08 10:05:00,1428.2,1430.18,1428.14,1429.92
2008-01-08 10:10:00,1430.0,1430.13,1429.4,1429.66
2008-01-08 10:15:00,1429.81,1430.28,1427.81,1428.34
2008-01-08 10:20:00,1428.17,1429.45,1427.98,1429.19
2008-01-08 10:25:00,1429.58,1430.04,1426.3,1426.37
2008-01-08 10:30:00,1426.38,1426.85,1425.25,1426.14
2008-01-08 10:35:00,1425.71,1425.94,1424.56,1425.94
2008-01-08 10:40:00,1425.66,1426.46,1424.57,1426.37
2008-01-08 10:45:00,1426.18,1426.27,1423.78,1423.92
2008-01-08 10:50:00,1423.96,1425.34,1423.78,1425.27
2008-01-08 10:55:00,1425.39,1425.39,1423.84,1424.02
2008-01-08 11:00:00,1424.32,1425.26,1422.87,1422.87
2008-01-08 11:05:00,1423.35,1423.81,1422.8,1423.53
2008-01-08 11:10:00,1423.19,1423.19,1419.02,1419.02
2008-01-08 11:15:00,1418.92,1419.17,1417.56,1418.47
2008-01-08 11:20:00,1418.98,1418.98,1417.6,1418.69
2008-01-08 11:25:00,1418.67,1419.39,1418.11,1418.11
2008-01-08 11:30:00,1418.16,1418.16,1414.63,1414.63
2008-01-08 11:35:00,1415.04,1416.39,1414.55,1416.14
2008-01-08 11:40:00,1416.49,1416.86,1415.17,1415.26
2008-01-08 11:45:00,1414.9,1414.9,1411.05,1411.05
2008-01-08 11:50:00,1411.37,1412.86,1410.7,1412.57
2008-01-08 11:55:00,1412.71,1414.49,1411.85,1414.3
2008-01-08 12:00:00,1413.46,1413.46,1411.03,1412.86
2008-01-08 12:05:00,1412.47,1413.69,1411.97,1413.69
2008-01-08 12:10:00,1413.95,1415.18,1413.24,1415.16
2008-01-08 12:15:00,1415.11,1415.89,1414.73,1414.74
2008-01-08 12:20:00,1414.69,1415.48,1414.16,1415.1
2008-01-08 12:25:00,1415.06,1416.23,1414.87,1415.92
2008-01-08 12:30:00,1415.78,1416.21,1413.2,1413.69
2008-01-08 12:35:00,1413.63,1414.19,1413.32,1413.45
2008-01-08 12:40:00,1413.5,1413.5,1411.87,1412.61
2008-01-08 12:45:00,1412.15,1414.2,1412.15,1414.2
2008-01-08 12:50:00,1414.14,1415.59,1414.14,1414.74
2008-01-08 12:55:00,1414.71,1414.71,1413.59,1413.9
2008-01-08 13:00:00,1414.04,1414.04,1411.43,1411.63
2008-01-08 13:05:00,1411.53,1418.41,1411.05,1417.12
2008-01-08 13:10:00,1417.3,1420.45,1417.17,1419.9
2008-01-08 13:15:00,1419.35,1419.46,1416.97,1417.04
2008-01-08 13:20:00,1417.51,1418.58,1416.58,1418.37
2008-01-08 13:25:00,1418.12,1420.05,1417.96,1419.84
2008-01-08 13:30:00,1419.67,1419.83,1416.87,1417.71
2008-01-08 13:35:00,1417.45,1417.72,1415.22,1415.87
2008-01-08 13:40:00,1415.76,1417.79,1415.54,1416.84
2008-01-08 13:45:00,1417.68,1418.84,1416.83,1417.74
2008-01-08 13:50:00,1418.05,1420.27,1417.92,1420.27
2008-01-08 13:55:00,1419.35,1421.24,1419.29,1421.24
2008-01-08 14:00:00,1421.58,1422.09,1420.88,1421.01
2008-01-08 14:05:00,1421.14,1421.77,1420.51,1421.53
2008-01-08 14:10:00,1422.01,1423.66,1422.01,1423.61
2008-01-08 14:15:00,1422.81,1422.81,1421.58,1421.95
2008-01-08 14:20:00,1422.14,1424.02,1422.14,1423.97
2008-01-08 14:25:00,1424.19,1424.65,1423.68,1424.65
2008-01-08 14:30:00,1424.79,1424.89,1422.31,1422.31
2008-01-08 14:35:00,1422.15,1422.32,1420.72,1421.23
2008-01-08 14:40:00,1420.8,1421.06,1419.21,1419.21
2008-01-08 14:45:00,1418.98,1419.15,1412.65,1414.64
2008-01-08 14:50:00,1415.13,1415.24,1411.83,1411.92
2008-01-08 14:55:00,1411.81,1412.77,1408.56,1408.56
2008-01-08 15:00:00,1408.72,1409.7,1406.27,1406.27
2008-01-08 15:05:00,1406.87,1409.62,1406.11,1406.11
2008-01-08 15:10:00,1406.42,1406.51,1402.28,1404.22
2008-01-08 15:15:00,1403.49,1403.68,1400.77,1401.44
2008-01-08 15:20:00,1401.29,1401.43,1396.46,1396.95
2008-01-08 15:25:00,1395.58,1399.94,1395.58,1399.94
2008-01-08 15:30:00,1400.1,1405.07,1399.4,1404.95
2008-01-08 15:35:00,1405.53,1405.53,1400.74,1401.08
2008-01-08 15:40:00,1401.6,1401.92,1399.38,1400.25
2008-01-08 15:45:00,1400.05,1400.05,1394.52,1394.52
2008-01-08 15:50:00,1394.72,1394.74,1392.65,1393.06
2008-01-08 15:55:00,1393.68,1393.68,1388.3,1390.01
2008-01-08 16:00:00,1389.8,1390.18,1389.73,1390.18
2008-01-08 16:05:00,1390.18,1390.19,1390.17,1390.19
2008-01-09 09:30:00,1390.25,1391.75,1389.12,1389.22
2008-01-09 09:35:00,1388.83,1394.61,1388.74,1394.49
2008-01-09 09:40:00,1394.44,1396.79,1393.57,1395.3
2008-01-09 09:45:00,1395.33,1396.62,1393.94,1396.62
2008-01-09 09:50:00,1396.81,1396.88,1391.57,1393.0
2008-01-09 09:55:00,1393.01,1395.63,1392.15,1394.69
2008-01-09 10:00:00,1394.85,1399.71,1394.85,1399.71
2008-01-09 10:05:00,1398.98,1398.98,1396.66,1398.31
2008-01-09 10:10:00,1398.05,1399.76,1397.13,1398.79
2008-01-09 10:15:00,1398.83,1398.89,1396.12,1396.25
2008-01-09 10:20:00,1396.62,1396.62,1391.93,1392.59
2008-01-09 10:25:00,1391.83,1394.0,1391.64,1394.0
2008-01-09 10:30:00,1394.53,1395.3,1392.56,1394.17
2008-01-09 10:35:00,1394.0,1394.57,1392.14,1393.76
2008-01-09 10:40:00,1393.65,1396.36,1393.65,1395.32
2008-01-09 10:45:00,1395.36,1397.65,1395.16,1396.4
2008-01-09 10:50:00,1396.1,1396.91,1394.5,1396.48
2008-01-09 10:55:00,1396.89,1397.89,1395.4,1397.27
2008-01-09 11:00:00,1397.1,1397.91,1395.11,1395.11
2008-01-09 11:05:00,1394.39,1396.23,1393.79,1394.62
2008-01-09 11:10:00,1394.03,1394.98,1392.77,1394.84
2008-01-09 11:15:00,1395.59,1395.59,1393.41,1394.51
2008-01-09 11:20:00,1394.56,1396.34,1393.94,1395.13
2008-01-09 11:25:00,1395.33,1395.44,1392.51,1392.91
2008-01-09 11:30:00,1393.14,1393.14,1389.41,1389.41
2008-01-09 11:35:00,1389.44,1390.16,1388.38,1390.16
2008-01-09 11:40:00,1389.67,1389.99,1388.75,1389.25
2008-01-09 11:45:00,1389.07,1389.07,1386.57,1388.29
2008-01-09 11:50:00,1387.73,1387.73,1385.07,1386.41
2008-01-09 11:55:00,1386.44,1387.68,1385.35,1387.48
2008-01-09 12:00:00,1387.9,1388.88,1386.61,1388.73
2008-01-09 12:05:00,1389.95,1390.69,1389.3,1390.33
2008-01-09 12:10:00,1389.94,1390.43,1389.4,1389.62
2008-01-09 12:15:00,1389.75,1392.44,1388.73,1392.44
2008-01-09 12:20:00,1392.45,1392.45,1390.03,1391.17
2008-01-09 12:25:00,1390.98,1394.65,1390.98,1394.44
2008-01-09 12:30:00,1394.37,1394.37,1392.82,1393.71
2008-01-09 12:35:00,1393.63,1393.81,1391.33,1391.53
2008-01-09 12:40:00,1391.7,1392.04,1389.66,1389.88
2008-01-09 12:45:00,1389.42,1390.78,1389.18,1390.29
2008-01-09 12:50:00,1390.53,1392.55,1390.46,1392.03
2008-01-09 12:55:00,1392.02,1392.05,1389.44,1391.19
2008-01-09 13:00:00,1392.44,1393.41,1390.86,1393.18
2008-01-09 13:05:00,1393.37,1393.53,1391.15,1391.15
2008-01-09 13:10:00,1391.21,1391.92,1388.61,1389.54
2008-01-09 13:15:00,1389.3,1389.3,1386.72,1388.39
2008-01-09 13:20:00,1388.6,1390.54,1388.6,1389.0
2008-01-09 13:25:00,1388.94,1388.94,1386.42,1387.37
2008-01-09 13:30:00,1387.57,1387.87,1384.12,1384.12
2008-01-09 13:35:00,1384.98,1386.57,1384.32,1385.85
2008-01-09 13:40:00,1386.88,1386.88,1382.93,1384.7
2008-01-09 13:45:00,1384.68,1384.68,1382.44,1383.41
2008-01-09 13:50:00,1383.24,1383.55,1381.55,1382.45
2008-01-09 13:55:00,1382.32,1384.46,1382.18,1383.83
2008-01-09 14:00:00,1383.56,1383.79,1381.61,1383.1
2008-01-09 14:05:00,1383.76,1383.76,1379.72,1379.9
2008-01-09 14:10:00,1380.22,1382.94,1380.13,1380.24
2008-01-09 14:15:00,1380.02,1380.93,1378.7,1380.93
2008-01-09 14:20:00,1380.63,1382.17,1380.12,1382.17
2008-01-09 14:25:00,1382.25,1384.01,1380.35,1384.01
2008-01-09 14:30:00,1384.39,1387.85,1383.85,1384.94
2008-01-09 14:35:00,1385.25,1388.7,1385.25,1386.68
2008-01-09 14:40:00,1387.32,1387.32,1383.97,1384.56
2008-01-09 14:45:00,1384.18,1392.29,1383.71,1391.61
2008-01-09 14:50:00,1391.56,1394.35,1391.56,1392.73
2008-01-09 14:55:00,1391.78,1393.89,1390.49,1393.89
2008-01-09 15:00:00,1393.03,1396.57,1392.64,1396.45
2008-01-09 15:05:00,1396.64,1402.11,1396.64,1402.11
2008-01-09 15:10:00,1401.14,1401.14,1396.62,1398.31
2008-01-09 15:15:00,1398.58,1404.28,1398.55,1403.59
2008-01-09 15:20:00,1403.83,1404.31,1401.57,1403.78
2008-01-09 15:25:00,1403.39,1403.39,1398.25,1398.25
2008-01-09 15:30:00,1398.71,1398.71,1394.96,1396.72
2008-01-09 15:35:00,1397.55,1402.91,1396.12,1401.96
2008-01-09 15:40:00,1403.41,1406.58,1403.06,1403.83
2008-01-09 15:45:00,1404.29,1405.59,1403.1,1403.1
2008-01-09 15:50:00,1402.89,1407.6,1402.89,1407.6
2008-01-09 15:55:00,1407.31,1408.97,1407.31,1408.93
2008-01-09 16:00:00,1409.09,1409.19,1409.09,1409.1
2008-01-09 16:05:00,1409.1,1409.13,1409.1,1409.13
2008-01-10 09:30:00,1406.78,1406.78,1396.37,1397.15
2008-01-10 09:35:00,1397.08,1398.68,1396.16,1398.29
2008-01-10 09:40:00,1397.99,1397.99,1395.31,1397.51
2008-01-10 09:45:00,1396.75,1400.95,1396.75,1400.03
2008-01-10 09:50:00,1399.94,1400.42,1398.69,1398.83
2008-01-10 09:55:00,1398.8,1402.11,1398.8,1401.55
2008-01-10 10:00:00,1401.81,1404.01,1401.1,1404.01
2008-01-10 10:05:00,1403.77,1406.75,1403.77,1405.47
2008-01-10 10:10:00,1405.31,1405.31,1403.45,1404.11
2008-01-10 10:15:00,1405.25,1406.77,1404.32,1406.66
2008-01-10 10:20:00,1406.8,1406.8,1405.02,1406.59
2008-01-10 10:25:00,1406.05,1406.05,1402.96,1403.74
2008-01-10 10:30:00,1403.61,1407.83,1403.61,1407.83
2008-01-10 10:35:00,1407.93,1408.83,1407.41,1408.45
2008-01-10 10:40:00,1408.58,1408.58,1405.93,1407.31
2008-01-10 10:45:00,1407.29,1407.29,1403.43,1403.43
2008-01-10 10:50:00,1403.24,1403.43,1401.94,1403.08
2008-01-10 10:55:00,1402.66,1403.37,1401.49,1403.15
2008-01-10 11:00:00,1403.03,1403.03,1400.03,1401.2
2008-01-10 11:05:00,1401.15,1401.7,1400.07,1401.55
2008-01-10 11:10:00,1402.21,1402.6,1400.88,1401.38
2008-01-10 11:15:00,1401.41,1402.46,1400.71,1401.35
2008-01-10 11:20:00,1401.03,1401.62,1399.88,1401.57
2008-01-10 11:25:00,1402.24,1403.93,1402.24,1402.27
2008-01-10 11:30:00,1403.2,1403.2,1400.86,1401.86
2008-01-10 11:35:00,1401.37,1401.71,1400.06,1400.45
2008-01-10 11:40:00,1399.17,1399.86,1398.26,1399.44
2008-01-10 11:45:00,1399.53,1401.39,1399.16,1401.39
2008-01-10 11:50:00,1401.36,1403.4,1401.33,1402.61
2008-01-10 11:55:00,1402.41,1402.76,1401.67,1402.76
2008-01-10 12:00:00,1402.61,1402.92,1401.58,1402.45
2008-01-10 12:05:00,1402.5,1403.17,1401.05,1403.17
2008-01-10 12:10:00,1403.21,1404.77,1402.37,1404.77
2008-01-10 12:15:00,1404.05,1414.36,1404.05,1411.04
2008-01-10 12:20:00,1412.57,1421.93,1411.84,1420.77
2008-01-10 12:25:00,1420.18,1420.18,1414.24,1414.27
2008-01-10 12:30:00,1414.12,1415.11,1410.94,1410.94
2008-01-10 12:35:00,1410.78,1413.59,1409.03,1409.03
2008-01-10 12:40:00,1409.64,1410.42,1407.18,1409.6
2008-01-10 12:45:00,1409.22,1409.22,1406.96,1408.4
2008-01-10 12:50:00,1408.37,1411.65,1408.37,1411.6
2008-01-10 12:55:00,1412.16,1417.06,1412.16,1414.8
2008-01-10 13:00:00,1414.89,1416.07,1412.22,1414.63
2008-01-10 13:05:00,1414.51,1415.95,1412.33,1413.59
2008-01-10 13:10:00,1413.76,1413.76,1408.72,1410.78
2008-01-10 13:15:00,1412.3,1412.85,1409.66,1410.38
2008-01-10 13:20:00,1412.02,1413.68,1411.07,1412.72
2008-01-10 13:25:00,1412.38,1414.92,1411.98,1413.6
2008-01-10 13:30:00,1412.89,1413.86,1409.6,1409.85
2008-01-10 13:35:00,1409.88,1409.88,1404.09,1406.76
2008-01-10 13:40:00,1406.47,1409.35,1404.97,1408.16
2008-01-10 13:45:00,1407.76,1408.41,1405.67,1406.9
2008-01-10 13:50:00,1407.44,1407.44,1402.25,1403.67
2008-01-10 13:55:00,1403.46,1406.21,1401.74,1406.21
2008-01-10 14:00:00,1406.49,1407.95,1405.52,1406.58
2008-01-10 14:05:00,1406.46,1406.94,1402.89,1404.38
2008-01-10 14:10:00,1405.2,1406.58,1404.35,1405.01
2008-01-10 14:15:00,1404.35,1415.5,1403.72,1415.5
2008-01-10 14:20:00,1415.39,1416.38,1413.48,1413.48
2008-01-10 14:25:00,1414.73,1414.73,1412.04,1412.52
2008-01-10 14:30:00,1412.93,1416.52,1412.93,1414.18
2008-01-10 14:35:00,1413.9,1421.05,1413.9,1421.05
2008-01-10 14:40:00,1421.75,1421.75,1419.37,1420.49
2008-01-10 14:45:00,1421.28,1421.28,1419.15,1419.69
2008-01-10 14:50:00,1420.48,1422.35,1419.51,1421.47
2008-01-10 14:55:00,1421.75,1424.34,1421.75,1422.68
2008-01-10 15:00:00,1422.6,1422.91,1421.97,1422.32
2008-01-10 15:05:00,1422.45,1427.47,1422.31,1427.47
2008-01-10 15:10:00,1427.8,1428.86,1427.02,1427.84
2008-01-10 15:15:00,1427.63,1427.67,1423.23,1423.41
2008-01-10 15:20:00,1423.75,1425.37,1423.02,1424.23
2008-01-10 15:25:00,1424.52,1426.9,1424.04,1426.85
2008-01-10 15:30:00,1427.47,1429.09,1427.25,1429.09
2008-01-10 15:35:00,1428.15,1428.15,1425.06,1426.12
2008-01-10 15:40:00,1425.96,1427.44,1422.28,1422.32
2008-01-10 15:45:00,1422.26,1422.68,1420.75,1420.75
2008-01-10 15:50:00,1420.95,1421.28,1418.86,1420.6
2008-01-10 15:55:00,1420.04,1420.52,1418.98,1419.99
2008-01-10 16:00:00,1419.66,1420.31,1419.66,1420.31
2008-01-10 16:05:00,1420.32,1420.33,1420.32,1420.33
2008-01-11 09:30:00,1419.91,1419.91,1408.33,1408.43
2008-01-11 09:35:00,1408.37,1408.43,1405.26,1407.45
2008-01-11 09:40:00,1407.48,1409.73,1405.95,1409.48
2008-01-11 09:45:00,1409.5,1410.87,1408.27,1410.87
2008-01-11 09:50:00,1411.25,1412.13,1408.46,1410.12
2008-01-11 09:55:00,1410.46,1410.46,1406.31,1408.08
2008-01-11 10:00:00,1408.21,1408.21,1405.86,1406.76
2008-01-11 10:05:00,1406.53,1406.53,1404.01,1404.37
2008-01-11 10:10:00,1403.68,1406.86,1403.61,1406.24
2008-01-11 10:15:00,1405.88,1407.07,1404.29,1404.62
2008-01-11 10:20:00,1404.45,1407.77,1404.45,1407.04
2008-01-11 10:25:00,1407.78,1407.94,1405.51,1405.51
2008-01-11 10:30:00,1406.23,1406.23,1404.2,1404.98
2008-01-11 10:35:00,1405.18,1408.2,1404.76,1408.2
2008-01-11 10:40:00,1408.04,1409.61,1406.72,1407.64
2008-01-11 10:45:00,1408.19,1411.63,1408.17,1411.61
2008-01-11 10:50:00,1411.59,1414.42,1410.54,1414.23
2008-01-11 10:55:00,1414.3,1414.53,1411.65,1411.81
2008-01-11 11:00:00,1411.72,1412.02,1409.52,1409.69
2008-01-11 11:05:00,1410.15,1410.32,1408.28,1410.32
2008-01-11 11:10:00,1410.38,1411.63,1409.86,1411.28
2008-01-11 11:15:00,1411.77,1412.42,1409.55,1409.55
2008-01-11 11:20:00,1409.62,1411.36,1409.62,1409.75
2008-01-11 11:25:00,1409.75,1411.53,1409.75,1411.33
2008-01-11 11:30:00,1411.99,1416.73,1411.99,1415.52
2008-01-11 11:35:00,1415.57,1416.66,1413.46,1413.46
2008-01-11 11:40:00,1413.85,1414.02,1412.28,1412.78
2008-01-11 11:45:00,1412.73,1413.66,1412.0,1413.26
2008-01-11 11:50:00,1413.66,1414.73,1413.14,1413.53
2008-01-11 11:55:00,1413.36,1413.89,1412.56,1413.2
2008-01-11 12:00:00,1413.27,1413.27,1410.59,1411.84
2008-01-11 12:05:00,1411.79,1412.28,1410.67,1411.65
2008-01-11 12:10:00,1411.42,1412.15,1411.01,1411.6
2008-01-11 12:15:00,1411.53,1414.28,1410.2,1410.2
2008-01-11 12:20:00,1410.09,1410.13,1407.0,1407.0
2008-01-11 12:25:00,1406.99,1410.32,1406.99,1409.57
2008-01-11 12:30:00,1409.56,1409.56,1407.37,1407.37
2008-01-11 12:35:00,1407.44,1409.08,1407.42,1408.95
2008-01-11 12:40:00,1408.54,1409.78,1408.39,1408.96
2008-01-11 12:45:00,1408.91,1411.59,1408.6,1411.59
2008-01-11 12:50:00,1411.07,1412.13,1410.53,1411.22
2008-01-11 12:55:00,1411.2,1412.65,1410.79,1412.65
2008-01-11 13:00:00,1413.86,1414.05,1409.73,1410.54
2008-01-11 13:05:00,1410.1,1410.49,1407.5,1408.41
2008-01-11 13:10:00,1408.5,1408.66,1407.4,1407.66
2008-01-11 13:15:00,1407.58,1407.58,1404.29,1404.62
2008-01-11 13:20:00,1405.03,1405.24,1402.62,1405.24
2008-01-11 13:25:00,1404.76,1407.25,1404.76,1406.83
2008-01-11 13:30:00,1407.06,1408.03,1405.62,1405.82
2008-01-11 13:35:00,1405.65,1406.6,1403.6,1403.89
2008-01-11 13:40:00,1403.97,1406.55,1403.96,1404.67
2008-01-11 13:45:00,1404.93,1404.93,1401.16,1401.22
2008-01-11 13:50:00,1401.34,1404.92,1401.34,1404.47
2008-01-11 13:55:00,1405.37,1405.78,1403.02,1403.02
2008-01-11 14:00:00,1402.57,1403.22,1402.04,1402.72
2008-01-11 14:05:00,1402.35,1404.22,1402.11,1404.22
2008-01-11 14:10:00,1404.25,1404.47,1403.03,1403.41
2008-01-11 14:15:00,1403.8,1407.83,1403.8,1407.02
2008-01-11 14:20:00,1406.69,1407.1,1405.42,1405.72
2008-01-11 14:25:00,1405.66,1406.84,1405.55,1405.58
2008-01-11 14:30:00,1406.05,1406.05,1404.04,1404.64
2008-01-11 14:35:00,1404.55,1405.6,1403.89,1405.45
2008-01-11 14:40:00,1405.4,1405.59,1404.65,1405.25
2008-01-11 14:45:00,1406.34,1406.67,1403.2,1403.2
2008-01-11 14:50:00,1402.42,1403.66,1401.74,1401.97
2008-01-11 14:55:00,1402.49,1402.72,1399.64,1402.72
2008-01-11 15:00:00,1402.97,1402.97,1399.67,1400.62
2008-01-11 15:05:00,1400.83,1402.85,1399.44,1399.56
2008-01-11 15:10:00,1399.44,1399.44,1395.65,1396.29
2008-01-11 15:15:00,1396.7,1398.4,1396.7,1396.91
2008-01-11 15:20:00,1397.18,1397.98,1394.83,1397.83
2008-01-11 15:25:00,1397.92,1402.73,1397.88,1401.26
2008-01-11 15:30:00,1401.33,1402.24,1398.84,1402.01
2008-01-11 15:35:00,1402.24,1405.29,1401.06,1405.29
2008-01-11 15:40:00,1405.33,1405.33,1402.27,1402.93
2008-01-11 15:45:00,1402.15,1403.8,1401.43,1403.8
2008-01-11 15:50:00,1404.33,1405.89,1403.19,1403.52
2008-01-11 15:55:00,1403.39,1403.49,1400.47,1400.74
2008-01-11 16:00:00,1401.44,1401.46,1401.05,1401.05
2008-01-11 16:05:00,1401.04,1401.04,1401.02,1401.02
2008-01-14 09:30:00,1402.91,1413.78,1402.91,1412.35
2008-01-14 09:35:00,1412.37,1412.45,1409.6,1409.75
2008-01-14 09:40:00,1409.4,1409.4,1407.85,1407.93
2008-01-14 09:45:00,1407.15,1408.21,1406.07,1407.11
2008-01-14 09:50:00,1407.29,1408.36,1406.98,1406.98
2008-01-14 09:55:00,1406.71,1408.56,1406.71,1407.08
2008-01-14 10:00:00,1407.55,1408.07,1405.68,1408.07
2008-01-14 10:05:00,1408.61,1409.38,1407.07,1409.23
2008-01-14 10:10:00,1409.5,1410.4,1408.71,1410.4
2008-01-14 10:15:00,1410.24,1410.85,1409.2,1410.65
2008-01-14 10:20:00,1410.38,1410.38,1409.05,1409.28
2008-01-14 10:25:00,1409.16,1409.68,1408.82,1409.64
2008-01-14 10:30:00,1409.72,1411.41,1409.6,1411.41
2008-01-14 10:35:00,1411.48,1411.65,1410.74,1411.55
2008-01-14 10:40:00,1411.55,1411.55,1409.32,1409.32
2008-01-14 10:45:00,1409.83,1410.87,1409.6,1409.82
2008-01-14 10:50:00,1409.91,1410.66,1409.12,1409.12
2008-01-14 10:55:00,1409.3,1412.39,1408.91,1411.91
2008-01-14 11:00:00,1412.15,1414.29,1412.15,1413.56
2008-01-14 11:05:00,1413.2,1413.85,1412.73,1413.5
2008-01-14 11:10:00,1413.52,1413.52,1412.59,1413.25
2008-01-14 11:15:00,1413.28,1413.43,1411.14,1411.33
2008-01-14 11:20:00,1411.21,1411.21,1410.43,1410.47
2008-01-14 11:25:00,1410.45,1411.93,1410.41,1411.93
2008-01-14 11:30:00,1411.3,1411.33,1410.34,1410.92
2008-01-14 11:35:00,1410.71,1410.71,1409.61,1409.9
2008-01-14 11:40:00,1409.8,1410.92,1409.69,1410.11
2008-01-14 11:45:00,1410.08,1410.77,1409.63,1409.68
2008-01-14 11:50:00,1410.62,1411.22,1410.34,1411.12
2008-01-14 11:55:00,1410.99,1410.99,1409.63,1409.63
2008-01-14 12:00:00,1409.58,1409.98,1408.62,1409.18
2008-01-14 12:05:00,1409.1,1409.36,1408.0,1408.04
2008-01-14 12:10:00,1408.23,1408.32,1407.65,1407.88
2008-01-14 12:15:00,1407.35,1408.17,1406.97,1407.4
2008-01-14 12:20:00,1407.84,1407.9,1407.02,1407.81
2008-01-14 12:25:00,1407.83,1408.4,1407.68,1407.68
2008-01-14 12:30:00,1407.02,1408.46,1406.86,1408.35
2008-01-14 12:35:00,1408.41,1408.44,1407.35,1407.6
2008-01-14 12:40:00,1407.6,1407.76,1406.51,1406.57
2008-01-14 12:45:00,1406.59,1407.49,1406.59,1407.45
2008-01-14 12:50:00,1407.41,1408.76,1407.0,1408.76
2008-01-14 12:55:00,1408.91,1409.76,1408.83,1408.84
2008-01-14 13:00:00,1408.97,1409.23,1408.67,1409.01
2008-01-14 13:05:00,1409.0,1409.11,1408.73,1408.99
2008-01-14 13:10:00,1409.9,1409.97,1407.98,1408.31
2008-01-14 13:15:00,1408.27,1409.25,1408.09,1408.96
2008-01-14 13:20:00,1408.97,1410.47,1408.97,1409.63
2008-01-14 13:25:00,1409.66,1410.58,1408.6,1408.66
2008-01-14 13:30:00,1408.65,1409.99,1408.31,1409.79
2008-01-14 13:35:00,1409.74,1411.18,1409.34,1411.18
2008-01-14 13:40:00,1410.76,1412.0,1410.45,1411.96
2008-01-14 13:45:00,1411.9,1412.74,1411.37,1412.35
2008-01-14 13:50:00,1411.79,1412.57,1411.72,1412.22
2008-01-14 13:55:00,1412.17,1413.78,1412.17,1413.24
2008-01-14 14:00:00,1413.05,1413.35,1411.97,1412.55
2008-01-14 14:05:00,1412.55,1412.55,1411.72,1412.32
2008-01-14 14:10:00,1412.23,1412.23,1411.46,1411.52
2008-01-14 14:15:00,1411.52,1411.52,1410.01,1410.19
2008-01-14 14:20:00,1410.18,1411.0,1410.18,1410.45
2008-01-14 14:25:00,1410.63,1411.76,1410.56,1411.76
2008-01-14 14:30:00,1411.72,1414.0,1411.72,1413.33
2008-01-14 14:35:00,1413.36,1415.56,1413.04,1415.51
2008-01-14 14:40:00,1415.42,1416.09,1413.98,1414.47
2008-01-14 14:45:00,1415.23,1415.23,1414.44,1414.84
2008-01-14 14:50:00,1414.75,1415.32,1413.12,1413.54
2008-01-14 14:55:00,1413.49,1415.98,1413.49,1415.97
2008-01-14 15:00:00,1416.03,1416.94,1415.59,1415.82
2008-01-14 15:05:00,1415.85,1417.06,1415.36,1415.39
2008-01-14 15:10:00,1415.53,1416.2,1413.62,1413.89
2008-01-14 15:15:00,1414.05,1414.78,1413.22,1413.22
2008-01-14 15:20:00,1413.53,1413.77,1412.45,1412.77
2008-01-14 15:25:00,1412.88,1414.05,1412.72,1413.0
2008-01-14 15:30:00,1414.08,1414.78,1413.0,1414.78
2008-01-14 15:35:00,1414.73,1415.18,1413.8,1414.86
2008-01-14 15:40:00,1414.79,1417.89,1413.75,1417.02
2008-01-14 15:45:00,1417.08,1417.54,1415.97,1416.69
2008-01-14 15:50:00,1416.7,1417.32,1415.51,1416.14
2008-01-14 15:55:00,1415.95,1416.09,1415.29,1416.09
2008-01-14 16:00:00,1416.19,1416.25,1416.19,1416.25
2008-01-14 16:05:00,1416.25,1416.25,1416.25,1416.25
2008-01-15 09:30:00,1411.88,1411.88,1400.11,1401.39
2008-01-15 09:35:00,1401.59,1401.59,1400.07,1400.7
2008-01-15 09:40:00,1400.18,1400.26,1398.76,1400.26
2008-01-15 09:45:00,1400.35,1401.72,1400.28,1400.66
2008-01-15 09:50:00,1400.39,1401.89,1400.39,1401.51
2008-01-15 09:55:00,1401.15,1401.15,1399.02,1399.74
2008-01-15 10:00:00,1400.1,1401.2,1398.11,1398.19
2008-01-15 10:05:00,1397.65,1399.05,1396.36,1396.36
2008-01-15 10:10:00,1396.6,1397.09,1393.06,1393.24
2008-01-15 10:15:00,1392.89,1394.89,1391.88,1391.95
2008-01-15 10:20:00,1392.31,1392.76,1391.47,1392.08
2008-01-15 10:25:00,1391.82,1393.11,1390.61,1391.88
2008-01-15 10:30:00,1391.54,1393.63,1391.19,1392.93
2008-01-15 10:35:00,1392.92,1393.64,1390.4,1391.08
2008-01-15 10:40:00,1391.03,1391.03,1386.77,1387.65
2008-01-15 10:45:00,1387.57,1387.57,1387.35,1387.35
2008-01-15 10:55:00,1388.29,1388.29,1387.34,1387.5
2008-01-15 11:00:00,1387.53,1388.9,1387.41,1388.9
2008-01-15 11:05:00,1389.27,1389.77,1388.77,1388.77
2008-01-15 11:10:00,1388.64,1391.61,1388.64,1391.35
2008-01-15 11:15:00,1391.08,1391.08,1389.4,1389.4
2008-01-15 11:20:00,1389.57,1389.82,1388.96,1389.25
2008-01-15 11:25:00,1389.2,1389.2,1387.4,1387.97
2008-01-15 11:30:00,1387.82,1388.16,1386.4,1388.16
2008-01-15 11:35:00,1387.48,1388.62,1387.48,1387.72
2008-01-15 11:40:00,1387.76,1388.27,1385.61,1385.9
2008-01-15 11:45:00,1385.89,1386.65,1384.44,1385.11
2008-01-15 11:50:00,1384.87,1385.95,1384.44,1385.44
2008-01-15 11:55:00,1385.81,1387.57,1385.37,1387.57
2008-01-15 12:00:00,1387.37,1387.78,1387.03,1387.59
2008-01-15 12:05:00,1387.33,1389.37,1386.93,1388.96
2008-01-15 12:10:00,1388.52,1389.56,1388.04,1389.52
2008-01-15 12:15:00,1389.31,1389.95,1387.9,1387.9
2008-01-15 12:20:00,1388.07,1390.34,1387.75,1389.65
2008-01-15 12:25:00,1389.46,1389.72,1388.34,1389.41
2008-01-15 12:30:00,1389.42,1389.84,1386.6,1387.3
2008-01-15 12:35:00,1386.77,1387.11,1385.94,1386.09
2008-01-15 12:40:00,1386.19,1387.12,1385.91,1385.91
2008-01-15 12:45:00,1386.12,1388.1,1385.25,1387.96
2008-01-15 12:50:00,1388.01,1388.02,1387.42,1387.78
2008-01-15 12:55:00,1387.63,1387.64,1386.35,1387.54
2008-01-15 13:00:00,1387.77,1388.92,1386.49,1388.92
2008-01-15 13:05:00,1388.95,1390.93,1388.95,1390.48
2008-01-15 13:10:00,1390.4,1391.78,1390.0,1391.41
2008-01-15 13:15:00,1391.38,1391.7,1390.25,1391.27
2008-01-15 13:20:00,1390.78,1390.78,1388.35,1388.78
2008-01-15 13:25:00,1388.73,1388.97,1387.43,1387.47
2008-01-15 13:30:00,1387.39,1387.39,1386.07,1386.85
2008-01-15 13:35:00,1387.06,1388.5,1386.91,1387.9
2008-01-15 13:40:00,1387.63,1387.99,1386.84,1387.73
2008-01-15 13:45:00,1387.3,1387.3,1385.87,1386.99
2008-01-15 13:50:00,1386.93,1386.93,1384.08,1384.15
2008-01-15 13:55:00,1384.65,1386.57,1384.1,1386.08
2008-01-15 14:00:00,1386.12,1386.12,1384.73,1385.02
2008-01-15 14:05:00,1385.03,1386.63,1385.03,1385.98
2008-01-15 14:10:00,1385.66,1389.28,1385.61,1389.28
2008-01-15 14:15:00,1388.84,1389.18,1386.92,1388.37
2008-01-15 14:20:00,1387.71,1388.09,1386.48,1387.07
2008-01-15 14:25:00,1386.72,1386.72,1385.45,1386.61
2008-01-15 14:30:00,1385.97,1386.36,1385.25,1385.26
2008-01-15 14:35:00,1384.92,1385.13,1383.44,1385.06
2008-01-15 14:40:00,1386.0,1387.16,1385.53,1386.95
2008-01-15 14:45:00,1386.7,1386.75,1384.35,1384.35
2008-01-15 14:50:00,1384.96,1386.13,1384.24,1384.95
2008-01-15 14:55:00,1385.96,1385.96,1383.15,1383.6
2008-01-15 15:00:00,1383.29,1383.34,1381.03,1382.13
2008-01-15 15:05:00,1381.96,1383.17,1381.9,1382.69
2008-01-15 15:10:00,1381.67,1383.21,1381.04,1382.3
2008-01-15 15:15:00,1381.95,1382.95,1381.32,1381.77
2008-01-15 15:20:00,1381.28,1383.97,1381.28,1383.58
2008-01-15 15:25:00,1383.9,1388.96,1383.78,1388.16
2008-01-15 15:30:00,1387.87,1389.65,1386.87,1389.65
2008-01-15 15:35:00,1390.31,1392.5,1389.48,1389.48
2008-01-15 15:40:00,1388.31,1388.96,1386.98,1388.02
2008-01-15 15:45:00,1387.12,1387.12,1385.64,1386.78
2008-01-15 15:50:00,1386.63,1386.63,1384.38,1384.38
2008-01-15 15:55:00,1383.96,1383.96,1380.6,1380.6
2008-01-15 16:00:00,1380.68,1380.96,1380.68,1380.96
2008-01-15 16:05:00,1380.96,1380.96,1380.95,1380.95
2008-01-16 09:30:00,1377.41,1379.34,1375.94,1379.22
2008-01-16 09:35:00,1379.75,1381.46,1379.3,1380.24
2008-01-16 09:40:00,1380.36,1385.26,1380.36,1384.39
2008-01-16 09:45:00,1383.94,1384.22,1383.21,1383.75
2008-01-16 09:50:00,1383.56,1383.56,1380.14,1380.74
2008-01-16 09:55:00,1380.36,1380.36,1375.48,1375.48
2008-01-16 10:00:00,1375.23,1377.35,1375.23,1375.53
2008-01-16 10:05:00,1375.2,1378.41,1374.7,1375.27
2008-01-16 10:10:00,1376.02,1376.15,1372.06,1372.08
2008-01-16 10:15:00,1371.11,1374.17,1370.75,1373.37
2008-01-16 10:20:00,1373.02,1374.3,1372.15,1374.28
2008-01-16 10:25:00,1374.85,1375.61,1372.51,1373.13
2008-01-16 10:30:00,1372.56,1375.0,1372.56,1375.0
2008-01-16 10:35:00,1375.19,1375.19,1370.76,1371.05
2008-01-16 10:40:00,1370.77,1370.77,1367.6,1368.71
2008-01-16 10:45:00,1368.91,1368.91,1366.34,1366.34
2008-01-16 10:50:00,1367.01,1367.01,1364.27,1365.84
2008-01-16 10:55:00,1365.45,1368.16,1365.27,1368.16
2008-01-16 11:00:00,1367.46,1368.51,1367.34,1367.6
2008-01-16 11:05:00,1367.93,1372.98,1367.93,1372.98
2008-01-16 11:10:00,1372.93,1372.99,1371.25,1371.25
2008-01-16 11:15:00,1371.05,1371.99,1370.62,1371.99
2008-01-16 11:20:00,1372.05,1374.43,1372.04,1373.67
2008-01-16 11:25:00,1373.39,1375.12,1373.29,1374.72
2008-01-16 11:30:00,1374.79,1374.79,1372.99,1374.46
2008-01-16 11:35:00,1373.87,1373.89,1371.0,1371.0
2008-01-16 11:40:00,1370.79,1371.14,1369.18,1369.56
2008-01-16 11:45:00,1370.68,1372.02,1370.12,1371.94
2008-01-16 11:50:00,1372.7,1379.55,1372.7,1379.55
2008-01-16 11:55:00,1380.25,1381.39,1377.79,1380.63
2008-01-16 12:00:00,1380.32,1382.17,1379.22,1379.83
2008-01-16 12:05:00,1379.93,1382.98,1379.41,1380.64
2008-01-16 12:10:00,1380.45,1380.45,1378.58,1379.32
2008-01-16 12:15:00,1379.02,1380.23,1378.2,1378.56
2008-01-16 12:20:00,1378.39,1378.39,1376.58,1377.82
2008-01-16 12:25:00,1377.75,1379.23,1377.48,1378.6
2008-01-16 12:30:00,1378.61,1381.61,1378.61,1381.16
2008-01-16 12:35:00,1381.78,1381.78,1379.65,1381.03
2008-01-16 12:40:00,1381.7,1383.33,1380.93,1383.19
2008-01-16 12:45:00,1383.94,1383.94,1381.52,1381.52
2008-01-16 12:50:00,1381.37,1381.58,1379.17,1379.17
2008-01-16 12:55:00,1378.66,1379.18,1377.61,1379.18
2008-01-16 13:00:00,1378.88,1380.25,1378.88,1379.63
2008-01-16 13:05:00,1379.64,1379.64,1378.59,1378.59
2008-01-16 13:10:00,1378.14,1378.52,1377.4,1377.67
2008-01-16 13:15:00,1376.86,1376.89,1374.43,1374.76
2008-01-16 13:20:00,1375.27,1376.98,1375.1,1376.94
2008-01-16 13:25:00,1376.78,1376.78,1375.03,1375.03
2008-01-16 13:30:00,1374.71,1375.59,1374.09,1375.13
2008-01-16 13:35:00,1375.59,1379.74,1375.13,1377.77
2008-01-16 13:40:00,1378.5,1378.97,1377.42,1378.27
2008-01-16 13:45:00,1378.58,1379.33,1374.85,1374.91
2008-01-16 13:50:00,1375.18,1376.26,1375.18,1376.02
2008-01-16 13:55:00,1376.37,1377.01,1375.13,1376.17
2008-01-16 14:00:00,1376.67,1377.61,1373.07,1377.44
2008-01-16 14:05:00,1377.54,1379.45,1376.19,1378.89
2008-01-16 14:10:00,1379.88,1381.19,1378.69,1379.94
2008-01-16 14:15:00,1379.94,1381.13,1378.84,1380.51
2008-01-16 14:20:00,1380.02,1382.09,1379.5,1379.86
2008-01-16 14:25:00,1379.87,1385.28,1378.41,1385.28
2008-01-16 14:30:00,1386.15,1389.01,1386.08,1388.61
2008-01-16 14:35:00,1387.81,1391.1,1387.1,1389.65
2008-01-16 14:40:00,1390.71,1391.98,1388.64,1391.98
2008-01-16 14:45:00,1391.89,1391.99,1389.58,1389.68
2008-01-16 14:50:00,1389.08,1389.08,1387.39,1387.39
2008-01-16 14:55:00,1386.7,1386.7,1382.52,1382.52
2008-01-16 15:00:00,1383.12,1385.81,1382.54,1384.35
2008-01-16 15:05:00,1384.09,1385.12,1381.85,1385.01
2008-01-16 15:10:00,1385.6,1385.6,1382.76,1383.87
2008-01-16 15:15:00,1384.75,1389.3,1384.75,1389.08
2008-01-16 15:20:00,1388.48,1388.95,1383.69,1384.24
2008-01-16 15:25:00,1384.63,1386.57,1383.02,1386.57
2008-01-16 15:30:00,1387.28,1388.7,1386.37,1386.94
2008-01-16 15:35:00,1386.57,1386.57,1378.81,1378.81
2008-01-16 15:40:00,1378.69,1379.62,1375.45,1375.45
2008-01-16 15:45:00,1375.62,1377.57,1374.24,1374.27
2008-01-16 15:50:00,1374.74,1375.49,1374.03,1374.35
2008-01-16 15:55:00,1373.9,1373.9,1372.44,1373.13
2008-01-16 16:00:00,1372.78,1373.19,1372.77,1373.19
2008-01-16 16:05:00,1373.19,1373.2,1373.18,1373.2
